{"width": 640, "height": 480, "camera_matrix": [[431.526611328125, 0.0, 312.3384094238281], [0.0, 431.06610107421875, 238.0006866455078], [0.0, 0.0, 1.0]], "distortion_parameters": [-0.05493694543838501, 0.05733651667833328, 0.0009077648282982409, 0.00092621601652354, -0.018534433096647263]}